,Image,object
0,PHOTO-2023-12-08-12-38-34.jpg,sand
1,PHOTO-2023-12-08-12-38-34.jpg,tree
2,PHOTO-2023-12-08-12-38-34.jpg,sky
3,PHOTO-2023-12-08-12-38-34.jpg,dirt
4,PHOTO-2023-12-08-12-38-34.jpg,building
5,PHOTO-2023-12-08-12-38-34.jpg,person
6,PHOTO-2023-12-08-12-38-34.jpg,car
7,PHOTO-2023-12-08-12-38-34.jpg,potted plant
8,PHOTO-2023-10-24-16-07-03-2.jpg,sand
9,PHOTO-2023-10-24-16-07-03-2.jpg,tent
10,PHOTO-2023-10-24-16-07-03-2.jpg,sky
11,PHOTO-2023-10-24-16-07-03-2.jpg,person
12,PHOTO-2023-10-24-16-07-03-2.jpg,handbag
13,PHOTO-2023-10-24-16-07-03-2.jpg,bowl
14,PHOTO-2023-10-24-15-39-20-1.jpg,sand
15,PHOTO-2023-10-24-15-39-20-1.jpg,sky
16,PHOTO-2023-10-24-15-39-20-1.jpg,person
17,PHOTO-2023-10-24-15-39-20-1.jpg,motorcycle
18,PHOTO-2023-10-24-15-39-20-1.jpg,chair
19,snapshot_012.bmp,sand
20,snapshot_012.bmp,tree
21,snapshot_012.bmp,sky
22,snapshot_012.bmp,person
23,PHOTO-2023-10-24-16-06-51.jpg,sky
24,PHOTO-2023-10-24-16-06-51.jpg,dirt
25,PHOTO-2023-10-24-16-06-51.jpg,building
26,PHOTO-2023-10-24-16-06-51.jpg,wall
27,PHOTO-2023-10-24-16-06-51.jpg,person
28,PHOTO-2023-10-24-16-06-51.jpg,motorcycle
29,PHOTO-2023-10-30-12-29-21.jpg,tree
30,PHOTO-2023-10-30-12-29-21.jpg,sky
31,PHOTO-2023-10-30-12-29-21.jpg,pavement
32,PHOTO-2023-10-30-12-29-21.jpg,dirt
33,PHOTO-2023-10-30-12-29-21.jpg,person
34,PHOTO-2023-10-30-12-29-21.jpg,car
35,PHOTO-2023-10-30-12-29-21.jpg,bus
36,PHOTO-2023-10-30-12-29-21.jpg,backpack
37,PHOTO-2023-10-30-12-29-21.jpg,potted plant
38,PHOTO-2023-10-30-12-29-20.jpg,tree
39,PHOTO-2023-10-30-12-29-20.jpg,sky
40,PHOTO-2023-10-30-12-29-20.jpg,pavement
41,PHOTO-2023-10-30-12-29-20.jpg,person
42,PHOTO-2023-10-30-12-29-20.jpg,car
43,PHOTO-2023-10-30-12-29-20.jpg,bus
44,PHOTO-2023-10-30-12-29-20.jpg,suitcase
45,IMG_4207.JPG,towel
46,IMG_4207.JPG,wall-stone
47,IMG_4207.JPG,sky
48,IMG_4207.JPG,paper
49,IMG_4207.JPG,person
50,snapshot_014.bmp,sand
51,snapshot_014.bmp,tree
52,snapshot_014.bmp,sky
53,snapshot_014.bmp,person
54,snapshot_017.bmp,sand
55,snapshot_017.bmp,tree
56,snapshot_017.bmp,sky
57,snapshot_017.bmp,grass
58,snapshot_017.bmp,person
59,PHOTO-2023-10-24-16-06-51-1.jpg,banner
60,PHOTO-2023-10-24-16-06-51-1.jpg,person
61,snapshot_007.bmp,ceiling
62,snapshot_007.bmp,wall
63,snapshot_007.bmp,person
64,PHOTO-2023-10-24-16-07-03-1.jpg,sand
65,PHOTO-2023-10-24-16-07-03-1.jpg,wall-stone
66,PHOTO-2023-10-24-16-07-03-1.jpg,sky
67,PHOTO-2023-10-24-16-07-03-1.jpg,wall
68,PHOTO-2023-10-24-16-07-03-1.jpg,person
69,PHOTO-2023-10-30-12-29-17.jpg,dirt
70,PHOTO-2023-10-30-12-29-17.jpg,person
71,PHOTO-2023-10-30-12-29-17.jpg,bus
72,PHOTO-2023-10-30-12-29-17.jpg,handbag
73,PHOTO-2023-10-24-16-06-58-1.jpg,sky
74,PHOTO-2023-10-24-16-06-58-1.jpg,floor
75,PHOTO-2023-10-24-16-06-58-1.jpg,wall
76,PHOTO-2023-10-24-16-06-58-1.jpg,person
77,PHOTO-2023-10-24-16-06-58-1.jpg,sports ball
78,PHOTO-2023-10-24-16-06-58-1.jpg,bottle
79,PHOTO-2023-10-24-16-06-58-1.jpg,chair
80,PHOTO-2023-10-24-16-06-58-1.jpg,dining table
81,IMG_20200206_101801.jpg,banner
82,IMG_20200206_101801.jpg,door-stuff
83,IMG_20200206_101801.jpg,ceiling
84,IMG_20200206_101801.jpg,table
85,IMG_20200206_101801.jpg,floor
86,IMG_20200206_101801.jpg,wall
87,IMG_20200206_101801.jpg,person
88,IMG_20200206_101801.jpg,bottle
89,IMG_20200206_101801.jpg,chair
90,PHOTO-2023-10-30-12-29-12.jpg,sand
91,PHOTO-2023-10-30-12-29-12.jpg,sky
92,PHOTO-2023-10-30-12-29-12.jpg,dirt
93,PHOTO-2023-10-30-12-29-12.jpg,building
94,PHOTO-2023-10-30-12-29-12.jpg,person
95,PHOTO-2023-10-30-12-29-12.jpg,bicycle
96,PHOTO-2023-10-30-12-29-12.jpg,car
97,PHOTO-2023-10-30-12-29-12.jpg,motorcycle
98,PHOTO-2023-10-30-12-29-12.jpg,bus
99,PHOTO-2023-10-30-12-29-12.jpg,chair
100,PHOTO-2023-10-30-12-29-19.jpg,road
101,PHOTO-2023-10-30-12-29-19.jpg,dirt
102,PHOTO-2023-10-30-12-29-19.jpg,person
103,PHOTO-2023-10-30-12-29-19.jpg,bus
104,IMG_4204.JPG,towel
105,IMG_4204.JPG,sky
106,IMG_4204.JPG,building
107,IMG_4204.JPG,person
108,PHOTO-2023-10-30-12-29-11.jpg,road
109,PHOTO-2023-10-30-12-29-11.jpg,sky
110,PHOTO-2023-10-30-12-29-11.jpg,pavement
111,PHOTO-2023-10-30-12-29-11.jpg,person
112,PHOTO-2023-10-30-12-29-11.jpg,car
113,PHOTO-2023-10-30-12-29-11.jpg,motorcycle
114,PHOTO-2023-10-30-12-29-11.jpg,bus
115,PHOTO-2023-10-24-16-06-58.jpg,sand
116,PHOTO-2023-10-24-16-06-58.jpg,tent
117,PHOTO-2023-10-24-16-06-58.jpg,sky
118,PHOTO-2023-10-24-16-06-58.jpg,person
119,PHOTO-2023-10-24-16-06-58.jpg,motorcycle
120,PHOTO-2023-10-24-16-06-55-1.jpg,sand
121,PHOTO-2023-10-24-16-06-55-1.jpg,sky
122,PHOTO-2023-10-24-16-06-55-1.jpg,person
123,snapshot_004.bmp,sky
124,snapshot_004.bmp,person
125,snapshot_004.bmp,car
126,IMG_20230504_082534.jpg,sand
127,IMG_20230504_082534.jpg,person
128,IMG_20230504_082534.jpg,car
129,IMG_20221221_163721.jpg,pavement
130,IMG_20221221_163721.jpg,wall
131,IMG_20221221_163721.jpg,person
132,IMG_20221221_163721.jpg,bottle
133,IMG_20221221_163721.jpg,cup
134,IMG_20221221_163721.jpg,chair
135,PHOTO-2023-10-24-15-39-18-1.jpg,sand
136,PHOTO-2023-10-24-15-39-18-1.jpg,sky
137,PHOTO-2023-10-24-15-39-18-1.jpg,building
138,PHOTO-2023-10-24-15-39-18-1.jpg,wall
139,PHOTO-2023-10-24-15-39-18-1.jpg,person
140,PHOTO-2023-10-24-15-39-18-1.jpg,motorcycle
141,IMG_20230503_100341.jpg,sand
142,IMG_20230503_100341.jpg,sky
143,IMG_20230503_100341.jpg,person
144,IMG_20230503_100341.jpg,car
145,PHOTO-2023-10-24-16-07-07.jpg,curtain
146,PHOTO-2023-10-24-16-07-07.jpg,ceiling
147,PHOTO-2023-10-24-16-07-07.jpg,table
148,PHOTO-2023-10-24-16-07-07.jpg,wall
149,PHOTO-2023-10-24-16-07-07.jpg,rug
150,PHOTO-2023-10-24-16-07-07.jpg,person
151,PHOTO-2023-10-24-16-07-07.jpg,chair
152,PHOTO-2023-10-24-16-07-07.jpg,dining table
153,PHOTO-2023-10-24-16-07-07.jpg,laptop
154,PHOTO-2023-10-24-16-07-07.jpg,book
155,IMG_20200206_114621.jpg,banner
156,IMG_20200206_114621.jpg,table
157,IMG_20200206_114621.jpg,floor
158,IMG_20200206_114621.jpg,wall
159,IMG_20200206_114621.jpg,person
160,IMG_20200206_114621.jpg,bottle
161,IMG_20200206_114621.jpg,cup
162,IMG_20200206_114621.jpg,chair
163,IMG_20200206_114621.jpg,dining table
164,PHOTO-2023-10-24-16-07-12-1.jpg,door-stuff
165,PHOTO-2023-10-24-16-07-12-1.jpg,table
166,PHOTO-2023-10-24-16-07-12-1.jpg,floor
167,PHOTO-2023-10-24-16-07-12-1.jpg,wall
168,PHOTO-2023-10-24-16-07-12-1.jpg,person
169,PHOTO-2023-10-24-16-07-12-1.jpg,bottle
170,PHOTO-2023-10-24-16-07-12-1.jpg,cup
171,PHOTO-2023-10-24-16-07-12-1.jpg,chair
172,PHOTO-2023-10-24-16-07-12-1.jpg,laptop
173,PHOTO-2023-10-24-16-07-12-1.jpg,cell phone
174,PHOTO-2023-10-24-16-06-54-1.jpg,banner
175,PHOTO-2023-10-24-16-06-54-1.jpg,table
176,PHOTO-2023-10-24-16-06-54-1.jpg,wall
177,PHOTO-2023-10-24-16-06-54-1.jpg,person
178,PHOTO-2023-10-24-16-06-54-1.jpg,chair
179,PHOTO-2023-10-24-16-06-54-1.jpg,dining table
180,PHOTO-2023-10-24-16-06-46.jpg,sand
181,PHOTO-2023-10-24-16-06-46.jpg,sky
182,PHOTO-2023-10-24-16-06-46.jpg,pavement
183,PHOTO-2023-10-24-16-06-46.jpg,dirt
184,PHOTO-2023-10-24-16-06-46.jpg,building
185,PHOTO-2023-10-24-16-06-46.jpg,wall
186,PHOTO-2023-10-24-16-06-46.jpg,person
187,PHOTO-2023-10-24-16-07-22-1.jpg,sand
188,PHOTO-2023-10-24-16-07-22-1.jpg,sky
189,PHOTO-2023-10-24-16-07-22-1.jpg,person
190,PHOTO-2023-10-24-16-07-22-1.jpg,car
191,PHOTO-2023-10-24-15-39-22.jpg,sand
192,PHOTO-2023-10-24-15-39-22.jpg,sky
193,PHOTO-2023-10-24-15-39-22.jpg,dirt
194,PHOTO-2023-10-24-15-39-22.jpg,person
195,PHOTO-2023-10-24-15-39-22.jpg,car
196,PHOTO-2023-10-24-15-39-22.jpg,motorcycle
197,PHOTO-2023-10-24-15-39-22.jpg,backpack
198,PHOTO-2023-10-24-16-07-13.jpg,door-stuff
199,PHOTO-2023-10-24-16-07-13.jpg,sky
200,PHOTO-2023-10-24-16-07-13.jpg,pavement
201,PHOTO-2023-10-24-16-07-13.jpg,wall
202,PHOTO-2023-10-24-16-07-13.jpg,person
203,PHOTO-2023-10-24-16-07-13-1.jpg,sand
204,PHOTO-2023-10-24-16-07-13-1.jpg,things
205,PHOTO-2023-10-24-16-07-13-1.jpg,person
206,PHOTO-2023-10-30-12-29-07.jpg,road
207,PHOTO-2023-10-30-12-29-07.jpg,sky
208,PHOTO-2023-10-30-12-29-07.jpg,pavement
209,PHOTO-2023-10-30-12-29-07.jpg,building
210,PHOTO-2023-10-30-12-29-07.jpg,person
211,PHOTO-2023-10-30-12-29-07.jpg,bicycle
212,PHOTO-2023-10-30-12-29-07.jpg,car
213,PHOTO-2023-10-30-12-29-07.jpg,motorcycle
214,PHOTO-2023-10-30-12-29-07.jpg,bus
215,PHOTO-2023-10-30-12-29-15.jpg,sand
216,PHOTO-2023-10-30-12-29-15.jpg,sky
217,PHOTO-2023-10-30-12-29-15.jpg,pavement
218,PHOTO-2023-10-30-12-29-15.jpg,dirt
219,PHOTO-2023-10-30-12-29-15.jpg,person
220,PHOTO-2023-10-30-12-29-15.jpg,truck
221,PHOTO-2023-10-30-12-29-15.jpg,sports ball
222,PHOTO-2023-10-24-16-06-45-1.jpg,floor
223,PHOTO-2023-10-24-16-06-45-1.jpg,wall
224,PHOTO-2023-10-24-16-06-45-1.jpg,person
225,PHOTO-2023-10-24-16-06-45-1.jpg,banana
226,PHOTO-2023-10-30-12-29-13.jpg,sand
227,PHOTO-2023-10-30-12-29-13.jpg,sky
228,PHOTO-2023-10-30-12-29-13.jpg,person
229,PHOTO-2023-10-30-12-29-13.jpg,handbag
230,PHOTO-2023-10-24-16-06-48-1.jpg,sand
231,PHOTO-2023-10-24-16-06-48-1.jpg,tree
232,PHOTO-2023-10-24-16-06-48-1.jpg,sky
233,PHOTO-2023-10-24-16-06-48-1.jpg,building
234,PHOTO-2023-10-24-16-06-48-1.jpg,wall
235,PHOTO-2023-10-24-16-06-48-1.jpg,person
236,PHOTO-2023-10-24-16-06-48-1.jpg,car
237,PHOTO-2023-10-24-16-06-48-1.jpg,motorcycle
238,SAM_0042.JPG,door-stuff
239,SAM_0042.JPG,tree
240,SAM_0042.JPG,dirt
241,SAM_0042.JPG,wall
242,SAM_0042.JPG,person
243,SAM_0042.JPG,chair
244,PHOTO-2023-12-08-12-38-32.jpg,road
245,PHOTO-2023-12-08-12-38-32.jpg,sky
246,PHOTO-2023-12-08-12-38-32.jpg,pavement
247,PHOTO-2023-12-08-12-38-32.jpg,building
248,PHOTO-2023-12-08-12-38-32.jpg,person
249,PHOTO-2023-12-08-12-38-32.jpg,motorcycle
250,PHOTO-2023-12-08-12-38-32.jpg,bus
251,PHOTO-2023-12-08-12-38-32.jpg,backpack
252,PHOTO-2023-12-08-12-38-32.jpg,handbag
253,IMG_20200808_133202.jpg,window
254,IMG_20200808_133202.jpg,floor
255,IMG_20200808_133202.jpg,food
256,IMG_20200808_133202.jpg,wall
257,IMG_20200808_133202.jpg,person
258,IMG_20200808_133202.jpg,bottle
259,IMG_20200808_133202.jpg,cup
260,IMG_20200808_133202.jpg,spoon
261,IMG_20200808_133202.jpg,bowl
262,IMG_20200808_133202.jpg,chair
263,PHOTO-2023-10-24-16-06-53-1.jpg,banner
264,PHOTO-2023-10-24-16-06-53-1.jpg,wall
265,PHOTO-2023-10-24-16-06-53-1.jpg,person
266,PHOTO-2023-10-24-16-06-53-1.jpg,book
267,PHOTO-2023-10-24-15-39-17.jpg,door-stuff
268,PHOTO-2023-10-24-15-39-17.jpg,sand
269,PHOTO-2023-10-24-15-39-17.jpg,sky
270,PHOTO-2023-10-24-15-39-17.jpg,building
271,PHOTO-2023-10-24-15-39-17.jpg,wall
272,PHOTO-2023-10-24-15-39-17.jpg,person
273,PHOTO-2023-10-24-15-39-17.jpg,truck
274,PHOTO-2023-10-24-16-07-04.jpg,sand
275,PHOTO-2023-10-24-16-07-04.jpg,wall-stone
276,PHOTO-2023-10-24-16-07-04.jpg,tree
277,PHOTO-2023-10-24-16-07-04.jpg,sky
278,PHOTO-2023-10-24-16-07-04.jpg,dirt
279,PHOTO-2023-10-24-16-07-04.jpg,person
280,PHOTO-2023-10-24-16-07-04.jpg,truck
281,IMG_4200.JPG,sky
282,IMG_4200.JPG,person
283,IMG_4200.JPG,bench
284,PHOTO-2023-10-24-16-07-01-1.jpg,banner
285,PHOTO-2023-10-24-16-07-01-1.jpg,ceiling
286,PHOTO-2023-10-24-16-07-01-1.jpg,paper
287,PHOTO-2023-10-24-16-07-01-1.jpg,wall
288,PHOTO-2023-10-24-16-07-01-1.jpg,person
289,PHOTO-2023-10-24-16-07-05.jpg,curtain
290,PHOTO-2023-10-24-16-07-05.jpg,ceiling
291,PHOTO-2023-10-24-16-07-05.jpg,table
292,PHOTO-2023-10-24-16-07-05.jpg,wall
293,PHOTO-2023-10-24-16-07-05.jpg,person
294,PHOTO-2023-10-24-16-07-05.jpg,chair
295,PHOTO-2023-10-24-16-07-05.jpg,laptop
296,PHOTO-2023-10-24-16-07-14-1.jpg,sand
297,PHOTO-2023-10-24-16-07-14-1.jpg,wall
298,PHOTO-2023-10-24-16-07-14-1.jpg,person
299,IMG_20230219_092713.jpg,door-stuff
300,IMG_20230219_092713.jpg,pavement
301,IMG_20230219_092713.jpg,dirt
302,IMG_20230219_092713.jpg,wall
303,IMG_20230219_092713.jpg,person
304,IMG_20230219_092713.jpg,motorcycle
305,IMG_20230219_092713.jpg,couch
306,PHOTO-2023-10-30-12-29-10.jpg,sky
307,PHOTO-2023-10-30-12-29-10.jpg,pavement
308,PHOTO-2023-10-30-12-29-10.jpg,building
309,PHOTO-2023-10-30-12-29-10.jpg,person
310,PHOTO-2023-10-30-12-29-10.jpg,motorcycle
311,PHOTO-2023-10-30-12-29-10.jpg,bus
312,PHOTO-2023-10-30-12-29-10.jpg,truck
313,IMG_20230501_173338.jpg,sand
314,IMG_20230501_173338.jpg,wall-stone
315,IMG_20230501_173338.jpg,sky
316,IMG_20230501_173338.jpg,building
317,IMG_20230501_173338.jpg,wall
318,IMG_20230501_173338.jpg,person
319,IMG_20230501_173338.jpg,truck
320,IMG_20230501_173338.jpg,potted plant
321,PHOTO-2023-10-30-12-29-09.jpg,sand
322,PHOTO-2023-10-30-12-29-09.jpg,dirt
323,PHOTO-2023-10-30-12-29-09.jpg,wall
324,PHOTO-2023-10-30-12-29-09.jpg,person
325,PHOTO-2023-10-30-12-29-09.jpg,bus
326,PHOTO-2023-10-30-12-29-09.jpg,sports ball
327,IMG_20200808_105303.jpg,banner
328,IMG_20200808_105303.jpg,paper
329,IMG_20200808_105303.jpg,person
330,PHOTO-2023-10-24-15-39-20.jpg,sand
331,PHOTO-2023-10-24-15-39-20.jpg,sky
332,PHOTO-2023-10-24-15-39-20.jpg,building
333,PHOTO-2023-10-24-15-39-20.jpg,person
334,PHOTO-2023-10-24-16-07-00-1.jpg,wall-stone
335,PHOTO-2023-10-24-16-07-00-1.jpg,tree
336,PHOTO-2023-10-24-16-07-00-1.jpg,food
337,PHOTO-2023-10-24-16-07-00-1.jpg,wall
338,PHOTO-2023-10-24-16-07-00-1.jpg,person
339,PHOTO-2023-10-24-16-07-12.jpg,sand
340,PHOTO-2023-10-24-16-07-12.jpg,sky
341,PHOTO-2023-10-24-16-07-12.jpg,rock
342,PHOTO-2023-10-24-16-07-12.jpg,person
343,GOPR1959.JPG,banner
344,GOPR1959.JPG,sand
345,GOPR1959.JPG,sky
346,GOPR1959.JPG,dirt
347,GOPR1959.JPG,person
348,PHOTO-2023-10-24-16-06-52-1.jpg,door-stuff
349,PHOTO-2023-10-24-16-06-52-1.jpg,tree
350,PHOTO-2023-10-24-16-06-52-1.jpg,wall
351,PHOTO-2023-10-24-16-06-52-1.jpg,person
352,PHOTO-2023-10-24-16-07-15-1.jpg,wall-stone
353,PHOTO-2023-10-24-16-07-15-1.jpg,tree
354,PHOTO-2023-10-24-16-07-15-1.jpg,floor
355,PHOTO-2023-10-24-16-07-15-1.jpg,pavement
356,PHOTO-2023-10-24-16-07-15-1.jpg,dirt
357,PHOTO-2023-10-24-16-07-15-1.jpg,food
358,PHOTO-2023-10-24-16-07-15-1.jpg,rock
359,PHOTO-2023-10-24-16-07-15-1.jpg,wall
360,PHOTO-2023-10-24-16-07-15-1.jpg,person
361,PHOTO-2023-10-24-16-06-47-1.jpg,banner
362,PHOTO-2023-10-24-16-06-47-1.jpg,person
363,PHOTO-2023-10-24-16-06-49.jpg,banner
364,PHOTO-2023-10-24-16-06-49.jpg,sky
365,PHOTO-2023-10-24-16-06-49.jpg,dirt
366,PHOTO-2023-10-24-16-06-49.jpg,building
367,PHOTO-2023-10-24-16-06-49.jpg,person
368,PHOTO-2023-10-24-16-06-49.jpg,motorcycle
369,snapshot_011.bmp,sand
370,snapshot_011.bmp,tree
371,snapshot_011.bmp,sky
372,snapshot_011.bmp,person
373,IMG_4206.JPG,sky
374,IMG_4206.JPG,wall
375,IMG_4206.JPG,person
376,IMG_20200808_133121.jpg,banner
377,IMG_20200808_133121.jpg,floor-wood
378,IMG_20200808_133121.jpg,tent
379,IMG_20200808_133121.jpg,wall
380,IMG_20200808_133121.jpg,rug
381,IMG_20200808_133121.jpg,person
382,IMG_20200808_133121.jpg,bottle
383,IMG_20200808_133121.jpg,cup
384,IMG_20200808_133121.jpg,bowl
385,IMG_20200808_133121.jpg,pizza
386,PHOTO-2023-10-24-16-06-57-1.jpg,tree
387,PHOTO-2023-10-24-16-06-57-1.jpg,sky
388,PHOTO-2023-10-24-16-06-57-1.jpg,dirt
389,PHOTO-2023-10-24-16-06-57-1.jpg,person
390,PHOTO-2023-10-24-16-06-57-1.jpg,car
391,PHOTO-2023-10-24-16-07-10.jpg,sand
392,PHOTO-2023-10-24-16-07-10.jpg,tree
393,PHOTO-2023-10-24-16-07-10.jpg,dirt
394,PHOTO-2023-10-24-16-07-10.jpg,person
395,PHOTO-2023-10-24-16-06-45.jpg,sky
396,PHOTO-2023-10-24-16-06-45.jpg,floor
397,PHOTO-2023-10-24-16-06-45.jpg,wall
398,PHOTO-2023-10-24-16-06-45.jpg,person
399,PHOTO-2023-12-08-12-38-37.jpg,road
400,PHOTO-2023-12-08-12-38-37.jpg,sky
401,PHOTO-2023-12-08-12-38-37.jpg,dirt
402,PHOTO-2023-12-08-12-38-37.jpg,building
403,PHOTO-2023-12-08-12-38-37.jpg,person
404,PHOTO-2023-12-08-12-38-37.jpg,bus
405,PHOTO-2023-12-08-12-38-37.jpg,backpack
406,GOPR1955.JPG,banner
407,GOPR1955.JPG,sand
408,GOPR1955.JPG,sky
409,GOPR1955.JPG,person
410,SAM_0046.JPG,sky
411,SAM_0046.JPG,person
412,PHOTO-2023-10-24-15-39-19-1.jpg,sand
413,PHOTO-2023-10-24-15-39-19-1.jpg,sky
414,PHOTO-2023-10-24-15-39-19-1.jpg,dirt
415,PHOTO-2023-10-24-15-39-19-1.jpg,person
416,PHOTO-2023-10-24-15-39-19-1.jpg,truck
417,PHOTO-2023-10-24-15-39-19-1.jpg,backpack
418,IMG_20200808_132231.jpg,window
419,IMG_20200808_132231.jpg,table
420,IMG_20200808_132231.jpg,floor
421,IMG_20200808_132231.jpg,wall
422,IMG_20200808_132231.jpg,person
423,IMG_20200808_132231.jpg,bowl
424,PHOTO-2023-10-24-16-07-04-1.jpg,banner
425,PHOTO-2023-10-24-16-07-04-1.jpg,floor
426,PHOTO-2023-10-24-16-07-04-1.jpg,wall
427,PHOTO-2023-10-24-16-07-04-1.jpg,person
428,PHOTO-2023-10-24-16-07-04-1.jpg,chair
429,PHOTO-2023-10-24-16-07-17.jpg,sand
430,PHOTO-2023-10-24-16-07-17.jpg,tree
431,PHOTO-2023-10-24-16-07-17.jpg,sky
432,PHOTO-2023-10-24-16-07-17.jpg,dirt
433,PHOTO-2023-10-24-16-07-17.jpg,person
434,PHOTO-2023-10-30-12-29-08.jpg,banner
435,PHOTO-2023-10-30-12-29-08.jpg,sand
436,PHOTO-2023-10-30-12-29-08.jpg,sky
437,PHOTO-2023-10-30-12-29-08.jpg,person
438,PHOTO-2023-10-30-12-29-08.jpg,handbag
439,IMG_4202.JPG,road
440,IMG_4202.JPG,sky
441,IMG_4202.JPG,person
442,IMG_4202.JPG,truck
443,IMG_20230209_135546.jpg,banner
444,IMG_20230209_135546.jpg,cabinet
445,IMG_20230209_135546.jpg,wall
446,IMG_20230209_135546.jpg,person
447,IMG_20230209_135546.jpg,bottle
448,IMG_20200808_132733.jpg,pavement
449,IMG_20200808_132733.jpg,dirt
450,IMG_20200808_132733.jpg,wall
451,IMG_20200808_132733.jpg,person
452,IMG_20200808_132733.jpg,motorcycle
453,IMG_20200808_132733.jpg,backpack
454,IMG_20200808_132733.jpg,bottle
455,IMG_20200808_132733.jpg,cup
456,G0041951.JPG,sand
457,G0041951.JPG,sky
458,G0041951.JPG,person
459,PHOTO-2023-10-24-16-07-06.jpg,sand
460,PHOTO-2023-10-24-16-07-06.jpg,sky
461,PHOTO-2023-10-24-16-07-06.jpg,person
462,PHOTO-2023-10-24-16-07-06.jpg,truck
463,PHOTO-2023-10-24-16-07-21-1.jpg,curtain
464,PHOTO-2023-10-24-16-07-21-1.jpg,floor
465,PHOTO-2023-10-24-16-07-21-1.jpg,wall
466,PHOTO-2023-10-24-16-07-21-1.jpg,person
467,PHOTO-2023-10-24-16-07-21-1.jpg,chair
468,PHOTO-2023-10-24-16-07-21-1.jpg,dining table
469,snapshot_015.bmp,dirt
470,snapshot_015.bmp,person
471,PHOTO-2023-10-24-16-07-11-1.jpg,sand
472,PHOTO-2023-10-24-16-07-11-1.jpg,wall-stone
473,PHOTO-2023-10-24-16-07-11-1.jpg,sky
474,PHOTO-2023-10-24-16-07-11-1.jpg,rock
475,PHOTO-2023-10-24-16-07-11-1.jpg,wall
476,PHOTO-2023-10-24-16-07-11-1.jpg,person
477,snapshot_006.bmp,wall
478,snapshot_006.bmp,person
479,PHOTO-2023-10-24-16-07-03.jpg,sand
480,PHOTO-2023-10-24-16-07-03.jpg,sky
481,PHOTO-2023-10-24-16-07-03.jpg,person
482,PHOTO-2023-10-24-15-39-19.jpg,sand
483,PHOTO-2023-10-24-15-39-19.jpg,sky
484,PHOTO-2023-10-24-15-39-19.jpg,person
485,PHOTO-2023-10-24-15-39-19.jpg,motorcycle
486,PHOTO-2023-10-24-16-07-19-1.jpg,sand
487,PHOTO-2023-10-24-16-07-19-1.jpg,sky
488,PHOTO-2023-10-24-16-07-19-1.jpg,dirt
489,PHOTO-2023-10-24-16-07-19-1.jpg,wall
490,PHOTO-2023-10-24-16-07-19-1.jpg,person
491,PHOTO-2023-10-24-16-07-19-1.jpg,motorcycle
492,PHOTO-2023-10-24-16-06-59-1.jpg,sand
493,PHOTO-2023-10-24-16-06-59-1.jpg,sky
494,PHOTO-2023-10-24-16-06-59-1.jpg,wall
495,PHOTO-2023-10-24-16-06-59-1.jpg,person
496,PHOTO-2023-10-24-16-06-59-1.jpg,motorcycle
497,PHOTO-2023-10-24-16-07-20.jpg,door-stuff
498,PHOTO-2023-10-24-16-07-20.jpg,window
499,PHOTO-2023-10-24-16-07-20.jpg,floor
500,PHOTO-2023-10-24-16-07-20.jpg,pavement
501,PHOTO-2023-10-24-16-07-20.jpg,wall
502,PHOTO-2023-10-24-16-07-20.jpg,person
503,IMG_20221221_163805.jpg,door-stuff
504,IMG_20221221_163805.jpg,wall-stone
505,IMG_20221221_163805.jpg,pavement
506,IMG_20221221_163805.jpg,wall
507,IMG_20221221_163805.jpg,person
508,IMG_20221221_163805.jpg,bicycle
509,IMG_20221221_163805.jpg,sports ball
510,IMG_20221221_163805.jpg,cup
511,IMG_20221221_163805.jpg,chair
512,IMG_20200206_145809.jpg,banner
513,IMG_20200206_145809.jpg,floor
514,IMG_20200206_145809.jpg,wall
515,IMG_20200206_145809.jpg,person
516,PHOTO-2023-10-24-16-06-56.jpg,sand
517,PHOTO-2023-10-24-16-06-56.jpg,sky
518,PHOTO-2023-10-24-16-06-56.jpg,building
519,PHOTO-2023-10-24-16-06-56.jpg,rock
520,PHOTO-2023-10-24-16-06-56.jpg,person
521,PHOTO-2023-10-24-16-06-56.jpg,bench
522,PHOTO-2023-10-30-12-29-15-1.jpg,sand
523,PHOTO-2023-10-30-12-29-15-1.jpg,dirt
524,PHOTO-2023-10-30-12-29-15-1.jpg,person
525,PHOTO-2023-10-30-12-29-15-1.jpg,truck
526,PHOTO-2023-10-24-16-07-05-1.jpg,wall-tile
527,PHOTO-2023-10-24-16-07-05-1.jpg,window
528,PHOTO-2023-10-24-16-07-05-1.jpg,floor
529,PHOTO-2023-10-24-16-07-05-1.jpg,wall
530,PHOTO-2023-10-24-16-07-05-1.jpg,person
531,PHOTO-2023-10-24-16-07-05-1.jpg,bench
532,PHOTO-2023-10-24-16-06-57.jpg,curtain
533,PHOTO-2023-10-24-16-06-57.jpg,table
534,PHOTO-2023-10-24-16-06-57.jpg,wall
535,PHOTO-2023-10-24-16-06-57.jpg,rug
536,PHOTO-2023-10-24-16-06-57.jpg,person
537,PHOTO-2023-10-24-16-06-57.jpg,chair
538,PHOTO-2023-10-24-16-06-57.jpg,laptop
539,snapshot_009.bmp,tree
540,snapshot_009.bmp,sky
541,snapshot_009.bmp,grass
542,snapshot_009.bmp,dirt
543,snapshot_009.bmp,person
544,IMG_20200808_121527.jpg,sand
545,IMG_20200808_121527.jpg,sky
546,IMG_20200808_121527.jpg,rock
547,IMG_20200808_121527.jpg,wall
548,IMG_20200808_121527.jpg,person
549,IMG_20200808_121527.jpg,book
550,PHOTO-2023-10-24-16-07-19.jpg,sand
551,PHOTO-2023-10-24-16-07-19.jpg,sky
552,PHOTO-2023-10-24-16-07-19.jpg,person
553,PHOTO-2023-10-24-16-07-19.jpg,car
554,IMG_20200206_101716.jpg,banner
555,IMG_20200206_101716.jpg,ceiling
556,IMG_20200206_101716.jpg,table
557,IMG_20200206_101716.jpg,wall
558,IMG_20200206_101716.jpg,person
559,IMG_20200206_101716.jpg,bottle
560,IMG_4229.JPG,tree
561,IMG_4229.JPG,sky
562,IMG_4229.JPG,dirt
563,IMG_4229.JPG,building
564,IMG_4229.JPG,wall
565,IMG_4229.JPG,person
566,IMG_4229.JPG,truck
567,PHOTO-2023-10-24-16-06-59.jpg,sand
568,PHOTO-2023-10-24-16-06-59.jpg,water
569,PHOTO-2023-10-24-16-06-59.jpg,sky
570,PHOTO-2023-10-24-16-06-59.jpg,floor
571,PHOTO-2023-10-24-16-06-59.jpg,pavement
572,PHOTO-2023-10-24-16-06-59.jpg,wall
573,PHOTO-2023-10-24-16-06-59.jpg,person
574,PHOTO-2023-10-24-16-06-59.jpg,bottle
575,PHOTO-2023-10-24-16-06-59.jpg,bowl
576,snapshot_008.bmp,water
577,snapshot_008.bmp,tree
578,snapshot_008.bmp,sky
579,snapshot_008.bmp,table
580,snapshot_008.bmp,grass
581,snapshot_008.bmp,dirt
582,snapshot_008.bmp,person
583,PHOTO-2023-10-24-16-06-48.jpg,door-stuff
584,PHOTO-2023-10-24-16-06-48.jpg,sand
585,PHOTO-2023-10-24-16-06-48.jpg,sky
586,PHOTO-2023-10-24-16-06-48.jpg,pavement
587,PHOTO-2023-10-24-16-06-48.jpg,building
588,PHOTO-2023-10-24-16-06-48.jpg,wall
589,PHOTO-2023-10-24-16-06-48.jpg,person
590,PHOTO-2023-10-24-16-06-48.jpg,motorcycle
591,PHOTO-2023-10-24-16-06-48.jpg,dining table
592,PHOTO-2023-10-24-16-07-15.jpg,banner
593,PHOTO-2023-10-24-16-07-15.jpg,wall-brick
594,PHOTO-2023-10-24-16-07-15.jpg,tree
595,PHOTO-2023-10-24-16-07-15.jpg,sky
596,PHOTO-2023-10-24-16-07-15.jpg,dirt
597,PHOTO-2023-10-24-16-07-15.jpg,building
598,PHOTO-2023-10-24-16-07-15.jpg,person
599,PHOTO-2023-10-30-12-29-16.jpg,road
600,PHOTO-2023-10-30-12-29-16.jpg,sky
601,PHOTO-2023-10-30-12-29-16.jpg,pavement
602,PHOTO-2023-10-30-12-29-16.jpg,dirt
603,PHOTO-2023-10-30-12-29-16.jpg,person
604,PHOTO-2023-10-30-12-29-16.jpg,car
605,PHOTO-2023-10-30-12-29-16.jpg,truck
606,IMG_20200206_145813.jpg,floor
607,IMG_20200206_145813.jpg,wall
608,IMG_20200206_145813.jpg,person
609,IMG_20200206_145813.jpg,bench
610,IMG_20200206_145813.jpg,handbag
611,PHOTO-2023-10-24-16-06-52.jpg,sand
612,PHOTO-2023-10-24-16-06-52.jpg,floor
613,PHOTO-2023-10-24-16-06-52.jpg,pavement
614,PHOTO-2023-10-24-16-06-52.jpg,wall
615,PHOTO-2023-10-24-16-06-52.jpg,person
616,PHOTO-2023-10-24-16-06-52.jpg,bottle
617,PHOTO-2023-10-24-16-06-52.jpg,spoon
618,PHOTO-2023-10-24-16-06-52.jpg,bowl
619,IMG_20200206_114443.jpg,window
620,IMG_20200206_114443.jpg,table
621,IMG_20200206_114443.jpg,floor
622,IMG_20200206_114443.jpg,wall
623,IMG_20200206_114443.jpg,person
624,IMG_20200206_114443.jpg,handbag
625,IMG_20200206_114443.jpg,bottle
626,IMG_20200206_114443.jpg,cup
627,IMG_20200206_114443.jpg,chair
628,IMG_20200206_114443.jpg,dining table
629,IMG_20200206_114443.jpg,laptop
630,IMG_20200206_114443.jpg,book
631,snapshot_016.bmp,wall
632,snapshot_016.bmp,person
633,PHOTO-2023-10-24-16-06-49-1.jpg,sand
634,PHOTO-2023-10-24-16-06-49-1.jpg,ceiling
635,PHOTO-2023-10-24-16-06-49-1.jpg,table
636,PHOTO-2023-10-24-16-06-49-1.jpg,dirt
637,PHOTO-2023-10-24-16-06-49-1.jpg,wall
638,PHOTO-2023-10-24-16-06-49-1.jpg,person
639,PHOTO-2023-10-24-16-06-49-1.jpg,car
640,PHOTO-2023-10-24-16-06-49-1.jpg,truck
641,PHOTO-2023-10-24-16-06-50-1.jpg,sand
642,PHOTO-2023-10-24-16-06-50-1.jpg,wall-stone
643,PHOTO-2023-10-24-16-06-50-1.jpg,sky
644,PHOTO-2023-10-24-16-06-50-1.jpg,dirt
645,PHOTO-2023-10-24-16-06-50-1.jpg,building
646,PHOTO-2023-10-24-16-06-50-1.jpg,person
647,IMG-20230227-WA0134.jpg,door-stuff
648,IMG-20230227-WA0134.jpg,table
649,IMG-20230227-WA0134.jpg,floor
650,IMG-20230227-WA0134.jpg,wall
651,IMG-20230227-WA0134.jpg,person
652,IMG-20230227-WA0134.jpg,bottle
653,IMG-20230227-WA0134.jpg,cup
654,IMG-20230227-WA0134.jpg,chair
655,IMG-20230227-WA0134.jpg,dining table
656,PHOTO-2023-10-24-16-07-01.jpg,ceiling
657,PHOTO-2023-10-24-16-07-01.jpg,floor
658,PHOTO-2023-10-24-16-07-01.jpg,wall
659,PHOTO-2023-10-24-16-07-01.jpg,person
660,PHOTO-2023-10-24-16-07-01.jpg,chair
661,IMG_20230504_071228.jpg,sand
662,IMG_20230504_071228.jpg,wall
663,IMG_20230504_071228.jpg,person
664,IMG_20230504_071228.jpg,motorcycle
665,PHOTO-2023-10-24-16-06-54.jpg,sand
666,PHOTO-2023-10-24-16-06-54.jpg,sky
667,PHOTO-2023-10-24-16-06-54.jpg,person
668,SAM_9412.JPG,table
669,SAM_9412.JPG,floor
670,SAM_9412.JPG,paper
671,SAM_9412.JPG,person
672,SAM_9412.JPG,bottle
673,snapshot_003.bmp,water
674,snapshot_003.bmp,sky
675,snapshot_003.bmp,person
676,PHOTO-2023-10-24-16-07-16-1.jpg,wall
677,PHOTO-2023-10-24-16-07-16-1.jpg,person
678,IMG_20200808_141112.jpg,banner
679,IMG_20200808_141112.jpg,sand
680,IMG_20200808_141112.jpg,wall-brick
681,IMG_20200808_141112.jpg,sky
682,IMG_20200808_141112.jpg,dirt
683,IMG_20200808_141112.jpg,building
684,IMG_20200808_141112.jpg,person
685,GOPR1943.JPG,sand
686,GOPR1943.JPG,sky
687,GOPR1943.JPG,person
688,PHOTO-2023-10-24-16-07-22.jpg,sand
689,PHOTO-2023-10-24-16-07-22.jpg,sky
690,PHOTO-2023-10-24-16-07-22.jpg,person
691,PHOTO-2023-10-24-16-07-22.jpg,handbag
692,PHOTO-2023-10-24-16-07-00.jpg,sand
693,PHOTO-2023-10-24-16-07-00.jpg,dirt
694,PHOTO-2023-10-24-16-07-00.jpg,person
695,PHOTO-2023-12-08-12-38-36.jpg,road
696,PHOTO-2023-12-08-12-38-36.jpg,sky
697,PHOTO-2023-12-08-12-38-36.jpg,pavement
698,PHOTO-2023-12-08-12-38-36.jpg,building
699,PHOTO-2023-12-08-12-38-36.jpg,person
700,PHOTO-2023-12-08-12-38-36.jpg,motorcycle
701,PHOTO-2023-12-08-12-38-36.jpg,bus
702,PHOTO-2023-12-08-12-38-36.jpg,suitcase
703,PHOTO-2023-10-24-16-07-18.jpg,sand
704,PHOTO-2023-10-24-16-07-18.jpg,person
705,PHOTO-2023-10-24-16-06-49-2.jpg,banner
706,PHOTO-2023-10-24-16-06-49-2.jpg,cardboard
707,PHOTO-2023-10-24-16-06-49-2.jpg,wall-wood
708,PHOTO-2023-10-24-16-06-49-2.jpg,dirt
709,PHOTO-2023-10-24-16-06-49-2.jpg,paper
710,PHOTO-2023-10-24-16-06-49-2.jpg,wall
711,PHOTO-2023-10-24-16-06-49-2.jpg,person
712,PHOTO-2023-10-30-12-29-20-1.jpg,sky
713,PHOTO-2023-10-30-12-29-20-1.jpg,dirt
714,PHOTO-2023-10-30-12-29-20-1.jpg,person
715,PHOTO-2023-10-30-12-29-20-1.jpg,truck
716,PHOTO-2023-12-08-12-38-30.jpg,cardboard
717,PHOTO-2023-12-08-12-38-30.jpg,road
718,PHOTO-2023-12-08-12-38-30.jpg,sky
719,PHOTO-2023-12-08-12-38-30.jpg,pavement
720,PHOTO-2023-12-08-12-38-30.jpg,paper
721,PHOTO-2023-12-08-12-38-30.jpg,building
722,PHOTO-2023-12-08-12-38-30.jpg,wall
723,PHOTO-2023-12-08-12-38-30.jpg,person
724,PHOTO-2023-12-08-12-38-30.jpg,car
725,PHOTO-2023-12-08-12-38-30.jpg,motorcycle
726,PHOTO-2023-12-08-12-38-30.jpg,bench
727,PHOTO-2023-12-08-12-38-30.jpg,backpack
728,GOPR1940.JPG,sand
729,GOPR1940.JPG,sky
730,GOPR1940.JPG,person
731,GOPR1967.JPG,sand
732,GOPR1967.JPG,sky
733,GOPR1967.JPG,person
734,GOPR1967.JPG,motorcycle
735,IMG_20200808_125952.jpg,sand
736,IMG_20200808_125952.jpg,dirt
737,IMG_20200808_125952.jpg,wall
738,IMG_20200808_125952.jpg,person
739,IMG_20200808_125952.jpg,motorcycle
740,PHOTO-2023-10-24-16-07-06-1.jpg,ceiling
741,PHOTO-2023-10-24-16-07-06-1.jpg,floor
742,PHOTO-2023-10-24-16-07-06-1.jpg,wall
743,PHOTO-2023-10-24-16-07-06-1.jpg,person
744,PHOTO-2023-10-24-16-07-06-1.jpg,sports ball
745,PHOTO-2023-10-24-16-07-06-1.jpg,chair
746,PHOTO-2023-10-24-16-06-56-1.jpg,window-blind
747,PHOTO-2023-10-24-16-06-56-1.jpg,window
748,PHOTO-2023-10-24-16-06-56-1.jpg,wall
749,PHOTO-2023-10-24-16-06-56-1.jpg,person
750,PHOTO-2023-10-24-16-06-56-1.jpg,bottle
751,PHOTO-2023-10-24-16-06-56-1.jpg,laptop
752,IMG_20200808_132412.jpg,banner
753,IMG_20200808_132412.jpg,sand
754,IMG_20200808_132412.jpg,tent
755,IMG_20200808_132412.jpg,wall-brick
756,IMG_20200808_132412.jpg,ceiling
757,IMG_20200808_132412.jpg,dirt
758,IMG_20200808_132412.jpg,wall
759,IMG_20200808_132412.jpg,person
760,IMG_20200808_132412.jpg,chair
761,IMG_4205.JPG,sky
762,IMG_4205.JPG,person
763,IMG_4205.JPG,motorcycle
764,IMG_4205.JPG,bottle
765,PHOTO-2023-10-30-12-29-06.jpg,banner
766,PHOTO-2023-10-30-12-29-06.jpg,dirt
767,PHOTO-2023-10-30-12-29-06.jpg,building
768,PHOTO-2023-10-30-12-29-06.jpg,wall
769,PHOTO-2023-10-30-12-29-06.jpg,person
770,PHOTO-2023-10-30-12-29-06.jpg,backpack
771,PHOTO-2023-10-24-16-07-21-2.jpg,floor
772,PHOTO-2023-10-24-16-07-21-2.jpg,wall
773,PHOTO-2023-10-24-16-07-21-2.jpg,person
774,PHOTO-2023-10-24-16-07-21-2.jpg,chair
775,PHOTO-2023-10-24-16-07-21-2.jpg,dining table
776,PHOTO-2023-10-24-16-07-09.jpg,sand
777,PHOTO-2023-10-24-16-07-09.jpg,sky
778,PHOTO-2023-10-24-16-07-09.jpg,rock
779,PHOTO-2023-10-24-16-07-09.jpg,person
780,PHOTO-2023-10-24-16-06-47.jpg,wall-tile
781,PHOTO-2023-10-24-16-06-47.jpg,table
782,PHOTO-2023-10-24-16-06-47.jpg,floor
783,PHOTO-2023-10-24-16-06-47.jpg,paper
784,PHOTO-2023-10-24-16-06-47.jpg,wall
785,PHOTO-2023-10-24-16-06-47.jpg,person
786,PHOTO-2023-10-24-16-06-47.jpg,book
787,IMG_4203.JPG,road
788,IMG_4203.JPG,sky
789,IMG_4203.JPG,person
790,IMG_4203.JPG,truck
791,PHOTO-2023-10-24-16-07-10-1.jpg,sand
792,PHOTO-2023-10-24-16-07-10-1.jpg,person
793,PHOTO-2023-10-24-16-07-10-1.jpg,motorcycle
794,PHOTO-2023-10-24-16-07-07-1.jpg,sand
795,PHOTO-2023-10-24-16-07-07-1.jpg,sky
796,PHOTO-2023-10-24-16-07-07-1.jpg,person
797,PHOTO-2023-10-24-16-07-07-1.jpg,truck
798,PHOTO-2023-10-24-16-07-14.jpg,sand
799,PHOTO-2023-10-24-16-07-14.jpg,wall
800,PHOTO-2023-10-24-16-07-14.jpg,person
801,PHOTO-2023-10-24-16-07-08.jpg,wall
802,PHOTO-2023-10-24-16-07-08.jpg,person
803,IMG_20200206_101843.jpg,banner
804,IMG_20200206_101843.jpg,door-stuff
805,IMG_20200206_101843.jpg,ceiling
806,IMG_20200206_101843.jpg,floor
807,IMG_20200206_101843.jpg,wall
808,IMG_20200206_101843.jpg,person
809,IMG_20200206_101843.jpg,bottle
810,IMG_20200206_101843.jpg,chair
811,IMG_20200206_101843.jpg,dining table
812,PHOTO-2023-10-24-16-06-58-2.jpg,sand
813,PHOTO-2023-10-24-16-06-58-2.jpg,sky
814,PHOTO-2023-10-24-16-06-58-2.jpg,person
815,PHOTO-2023-10-24-16-06-58-2.jpg,bus
816,snapshot_013.bmp,sand
817,snapshot_013.bmp,tree
818,snapshot_013.bmp,sky
819,snapshot_013.bmp,person
820,PHOTO-2023-10-24-16-07-18-1.jpg,sand
821,PHOTO-2023-10-24-16-07-18-1.jpg,tree
822,PHOTO-2023-10-24-16-07-18-1.jpg,sky
823,PHOTO-2023-10-24-16-07-18-1.jpg,person
824,PHOTO-2023-10-24-16-07-18-1.jpg,car
825,PHOTO-2023-10-24-16-07-18-1.jpg,handbag
826,PHOTO-2023-10-24-16-07-18-1.jpg,cup
827,PHOTO-2023-10-24-16-06-53.jpg,sand
828,PHOTO-2023-10-24-16-06-53.jpg,tree
829,PHOTO-2023-10-24-16-06-53.jpg,wall
830,PHOTO-2023-10-24-16-06-53.jpg,person
831,PHOTO-2023-10-24-16-06-53.jpg,truck
832,PHOTO-2023-10-24-16-06-53.jpg,chair
833,PHOTO-2023-10-24-15-39-18-2.jpg,sand
834,PHOTO-2023-10-24-15-39-18-2.jpg,sky
835,PHOTO-2023-10-24-15-39-18-2.jpg,dirt
836,PHOTO-2023-10-24-15-39-18-2.jpg,person
837,PHOTO-2023-10-24-15-39-18-2.jpg,car
838,PHOTO-2023-10-24-15-39-18-2.jpg,truck
839,PHOTO-2023-10-24-15-39-18-2.jpg,backpack
840,PHOTO-2023-10-24-16-07-11.jpg,sand
841,PHOTO-2023-10-24-16-07-11.jpg,sky
842,PHOTO-2023-10-24-16-07-11.jpg,person
843,PHOTO-2023-10-24-16-07-11.jpg,backpack
844,PHOTO-2023-10-24-16-07-11.jpg,handbag
845,IMG_20220410_223740.jpg,floor
846,IMG_20220410_223740.jpg,wall
847,IMG_20220410_223740.jpg,rug
848,IMG_20220410_223740.jpg,person
849,IMG_20220410_223740.jpg,bottle
850,IMG_20220410_223740.jpg,cell phone
851,PHOTO-2023-10-24-15-39-22-1.jpg,sand
852,PHOTO-2023-10-24-15-39-22-1.jpg,sky
853,PHOTO-2023-10-24-15-39-22-1.jpg,person
854,IMG_20230501_122155.jpg,door-stuff
855,IMG_20230501_122155.jpg,sand
856,IMG_20230501_122155.jpg,wall-stone
857,IMG_20230501_122155.jpg,sky
858,IMG_20230501_122155.jpg,wall
859,IMG_20230501_122155.jpg,person
860,IMG_20230501_122155.jpg,handbag
861,IMG_20230503_194708.jpg,tree
862,IMG_20230503_194708.jpg,ceiling
863,IMG_20230503_194708.jpg,paper
864,IMG_20230503_194708.jpg,wall
865,IMG_20230503_194708.jpg,person
866,IMG_20230503_194708.jpg,cup
867,IMG_20230503_194708.jpg,chair
868,PHOTO-2023-10-24-16-07-09-1.jpg,wall-stone
869,PHOTO-2023-10-24-16-07-09-1.jpg,tree
870,PHOTO-2023-10-24-16-07-09-1.jpg,food
871,PHOTO-2023-10-24-16-07-09-1.jpg,rock
872,PHOTO-2023-10-24-16-07-09-1.jpg,wall
873,PHOTO-2023-10-24-16-07-09-1.jpg,person
874,snapshot_005.bmp,sky
875,snapshot_005.bmp,mountain
876,snapshot_005.bmp,grass
877,snapshot_005.bmp,dirt
878,snapshot_005.bmp,person
879,SAM_0040.JPG,cardboard
880,SAM_0040.JPG,tree
881,SAM_0040.JPG,floor
882,SAM_0040.JPG,dirt
883,SAM_0040.JPG,food
884,SAM_0040.JPG,wall
885,SAM_0040.JPG,person
886,SAM_0040.JPG,chair
887,SAM_0040.JPG,potted plant
888,PHOTO-2023-10-24-16-07-16.jpg,sand
889,PHOTO-2023-10-24-16-07-16.jpg,sky
890,PHOTO-2023-10-24-16-07-16.jpg,building
891,PHOTO-2023-10-24-16-07-16.jpg,rock
892,PHOTO-2023-10-24-16-07-16.jpg,wall
893,PHOTO-2023-10-24-16-07-16.jpg,person
894,snapshot_018.bmp,tree
895,snapshot_018.bmp,sky
896,snapshot_018.bmp,grass
897,snapshot_018.bmp,dirt
898,snapshot_018.bmp,person
899,PHOTO-2023-10-24-16-06-55.jpg,sky
900,PHOTO-2023-10-24-16-06-55.jpg,dirt
901,PHOTO-2023-10-24-16-06-55.jpg,person
902,snapshot_010.bmp,tree
903,snapshot_010.bmp,sky
904,snapshot_010.bmp,grass
905,snapshot_010.bmp,dirt
906,snapshot_010.bmp,person
907,PHOTO-2023-10-24-16-07-20-1.jpg,sand
908,PHOTO-2023-10-24-16-07-20-1.jpg,sky
909,PHOTO-2023-10-24-16-07-20-1.jpg,person
910,PHOTO-2023-10-24-16-07-20-1.jpg,handbag
911,PHOTO-2023-10-24-15-45-02.jpg,sand
912,PHOTO-2023-10-24-15-45-02.jpg,sky
913,PHOTO-2023-10-24-15-45-02.jpg,person
914,PHOTO-2023-10-24-16-07-02.jpg,door-stuff
915,PHOTO-2023-10-24-16-07-02.jpg,window
916,PHOTO-2023-10-24-16-07-02.jpg,floor
917,PHOTO-2023-10-24-16-07-02.jpg,pavement
918,PHOTO-2023-10-24-16-07-02.jpg,wall
919,PHOTO-2023-10-24-16-07-02.jpg,person
920,PHOTO-2023-10-24-16-07-17-1.jpg,sand
921,PHOTO-2023-10-24-16-07-17-1.jpg,wall-stone
922,PHOTO-2023-10-24-16-07-17-1.jpg,tree
923,PHOTO-2023-10-24-16-07-17-1.jpg,dirt
924,PHOTO-2023-10-24-16-07-17-1.jpg,food
925,PHOTO-2023-10-24-16-07-17-1.jpg,wall
926,PHOTO-2023-10-24-16-07-17-1.jpg,person
927,PHOTO-2023-10-24-16-06-50.jpg,sand
928,PHOTO-2023-10-24-16-06-50.jpg,sky
929,PHOTO-2023-10-24-16-06-50.jpg,building
930,PHOTO-2023-10-24-16-06-50.jpg,rock
931,PHOTO-2023-10-24-16-06-50.jpg,person
932,PHOTO-2023-10-24-16-06-50.jpg,car
933,PHOTO-2023-10-24-16-06-50.jpg,backpack
934,PHOTO-2023-10-24-16-06-50.jpg,suitcase
935,IMG_20200206_114513.jpg,banner
936,IMG_20200206_114513.jpg,wall
937,IMG_20200206_114513.jpg,person
938,IMG_20200206_114513.jpg,bottle
939,IMG_20200206_114513.jpg,chair
940,IMG_20200206_114513.jpg,dining table
941,IMG_20200808_121417.jpg,floor
942,IMG_20200808_121417.jpg,pavement
943,IMG_20200808_121417.jpg,wall
944,IMG_20200808_121417.jpg,person
945,PHOTO-2023-10-30-12-29-12-1.jpg,sky
946,PHOTO-2023-10-30-12-29-12-1.jpg,pavement
947,PHOTO-2023-10-30-12-29-12-1.jpg,person
948,PHOTO-2023-10-30-12-29-12-1.jpg,car
949,PHOTO-2023-10-30-12-29-12-1.jpg,bus
950,PHOTO-2023-10-30-12-29-12-1.jpg,truck
951,PHOTO-2023-10-30-12-29-12-1.jpg,chair
952,IMG_20230503_100418.jpg,sand
953,IMG_20230503_100418.jpg,wall
954,IMG_20230503_100418.jpg,person
955,IMG_20230503_100418.jpg,chair
956,PHOTO-2023-10-24-16-07-21.jpg,sand
957,PHOTO-2023-10-24-16-07-21.jpg,sky
958,PHOTO-2023-10-24-16-07-21.jpg,person
959,PHOTO-2023-10-24-16-07-21.jpg,car
960,PHOTO-2023-10-24-16-07-08-1.jpg,sand
961,PHOTO-2023-10-24-16-07-08-1.jpg,sky
962,PHOTO-2023-10-24-16-07-08-1.jpg,person
963,PHOTO-2023-10-24-15-39-21.jpg,sand
964,PHOTO-2023-10-24-15-39-21.jpg,sky
965,PHOTO-2023-10-24-15-39-21.jpg,pavement
966,PHOTO-2023-10-24-15-39-21.jpg,dirt
967,PHOTO-2023-10-24-15-39-21.jpg,building
968,PHOTO-2023-10-24-15-39-21.jpg,wall
969,PHOTO-2023-10-24-15-39-21.jpg,person
970,PHOTO-2023-10-24-15-39-21.jpg,truck
971,GOPR1921.JPG,sand
972,GOPR1921.JPG,sky
973,GOPR1921.JPG,person
